DATAFLOW,LAST UPDATE,freq,unit,citizen,sex,age,geo,TIME_PERIOD,OBS_VALUE,OBS_FLAG
ESTAT:TPS00195(1.0),21/09/23 14:19:00,A,PER,EXT_EU27_2020,T,TOTAL,AT,2008,0,
ESTAT:TPS00195(1.0),21/09/23 14:19:00,A,PER,EXT_EU27_2020,T,TOTAL,AT,2009,0,
ESTAT:TPS00195(1.0),21/09/23 14:19:00,A,PER,EXT_EU27_2020,T,TOTAL,AT,2010,0,
ESTAT:TPS00195(1.0),21/09/23 14:19:00,A,PER,EXT_EU27_2020,T,TOTAL,AT,2011,0,
ESTAT:TPS00195(1.0),21/09/23 14:19:00,A,PER,EXT_EU27_2020,T,TOTAL,AT,2012,0,
ESTAT:TPS00195(1.0),21/09/23 14:19:00,A,PER,EXT_EU27_2020,T,TOTAL,AT,2013,0,
ESTAT:TPS00195(1.0),21/09/23 14:19:00,A,PER,EXT_EU27_2020,T,TOTAL,AT,2014,390,
ESTAT:TPS00195(1.0),21/09/23 14:19:00,A,PER,EXT_EU27_2020,T,TOTAL,AT,2015,760,
ESTAT:TPS00195(1.0),21/09/23 14:19:00,A,PER,EXT_EU27_2020,T,TOTAL,AT,2016,200,
ESTAT:TPS00195(1.0),21/09/23 14:19:00,A,PER,EXT_EU27_2020,T,TOTAL,AT,2017,380,
ESTAT:TPS00195(1.0),21/09/23 14:19:00,A,PER,EXT_EU27_2020,T,TOTAL,AT,2018,0,
ESTAT:TPS00195(1.0),21/09/23 14:19:00,A,PER,EXT_EU27_2020,T,TOTAL,AT,2019,0,
ESTAT:TPS00195(1.0),21/09/23 14:19:00,A,PER,EXT_EU27_2020,T,TOTAL,AT,2020,0,
ESTAT:TPS00195(1.0),21/09/23 14:19:00,A,PER,EXT_EU27_2020,T,TOTAL,AT,2021,0,
ESTAT:TPS00195(1.0),21/09/23 14:19:00,A,PER,EXT_EU27_2020,T,TOTAL,AT,2022,0,
ESTAT:TPS00195(1.0),21/09/23 14:19:00,A,PER,EXT_EU27_2020,T,TOTAL,BE,2009,45,
ESTAT:TPS00195(1.0),21/09/23 14:19:00,A,PER,EXT_EU27_2020,T,TOTAL,BE,2011,25,
ESTAT:TPS00195(1.0),21/09/23 14:19:00,A,PER,EXT_EU27_2020,T,TOTAL,BE,2013,100,
ESTAT:TPS00195(1.0),21/09/23 14:19:00,A,PER,EXT_EU27_2020,T,TOTAL,BE,2014,35,
ESTAT:TPS00195(1.0),21/09/23 14:19:00,A,PER,EXT_EU27_2020,T,TOTAL,BE,2015,275,
ESTAT:TPS00195(1.0),21/09/23 14:19:00,A,PER,EXT_EU27_2020,T,TOTAL,BE,2016,450,
ESTAT:TPS00195(1.0),21/09/23 14:19:00,A,PER,EXT_EU27_2020,T,TOTAL,BE,2017,1310,
ESTAT:TPS00195(1.0),21/09/23 14:19:00,A,PER,EXT_EU27_2020,T,TOTAL,BE,2018,880,
ESTAT:TPS00195(1.0),21/09/23 14:19:00,A,PER,EXT_EU27_2020,T,TOTAL,BE,2019,240,
ESTAT:TPS00195(1.0),21/09/23 14:19:00,A,PER,EXT_EU27_2020,T,TOTAL,BE,2020,175,
ESTAT:TPS00195(1.0),21/09/23 14:19:00,A,PER,EXT_EU27_2020,T,TOTAL,BE,2021,950,
ESTAT:TPS00195(1.0),21/09/23 14:19:00,A,PER,EXT_EU27_2020,T,TOTAL,BE,2022,80,
ESTAT:TPS00195(1.0),21/09/23 14:19:00,A,PER,EXT_EU27_2020,T,TOTAL,BG,2008,0,
ESTAT:TPS00195(1.0),21/09/23 14:19:00,A,PER,EXT_EU27_2020,T,TOTAL,BG,2009,0,
ESTAT:TPS00195(1.0),21/09/23 14:19:00,A,PER,EXT_EU27_2020,T,TOTAL,BG,2010,0,
ESTAT:TPS00195(1.0),21/09/23 14:19:00,A,PER,EXT_EU27_2020,T,TOTAL,BG,2011,0,
ESTAT:TPS00195(1.0),21/09/23 14:19:00,A,PER,EXT_EU27_2020,T,TOTAL,BG,2012,0,
ESTAT:TPS00195(1.0),21/09/23 14:19:00,A,PER,EXT_EU27_2020,T,TOTAL,BG,2013,0,
ESTAT:TPS00195(1.0),21/09/23 14:19:00,A,PER,EXT_EU27_2020,T,TOTAL,BG,2014,0,
ESTAT:TPS00195(1.0),21/09/23 14:19:00,A,PER,EXT_EU27_2020,T,TOTAL,BG,2015,0,
ESTAT:TPS00195(1.0),21/09/23 14:19:00,A,PER,EXT_EU27_2020,T,TOTAL,BG,2016,0,
ESTAT:TPS00195(1.0),21/09/23 14:19:00,A,PER,EXT_EU27_2020,T,TOTAL,BG,2017,0,
ESTAT:TPS00195(1.0),21/09/23 14:19:00,A,PER,EXT_EU27_2020,T,TOTAL,BG,2018,20,
ESTAT:TPS00195(1.0),21/09/23 14:19:00,A,PER,EXT_EU27_2020,T,TOTAL,BG,2019,65,
ESTAT:TPS00195(1.0),21/09/23 14:19:00,A,PER,EXT_EU27_2020,T,TOTAL,BG,2020,0,
ESTAT:TPS00195(1.0),21/09/23 14:19:00,A,PER,EXT_EU27_2020,T,TOTAL,BG,2021,0,
ESTAT:TPS00195(1.0),21/09/23 14:19:00,A,PER,EXT_EU27_2020,T,TOTAL,BG,2022,0,
ESTAT:TPS00195(1.0),21/09/23 14:19:00,A,PER,EXT_EU27_2020,T,TOTAL,CH,2010,0,
ESTAT:TPS00195(1.0),21/09/23 14:19:00,A,PER,EXT_EU27_2020,T,TOTAL,CH,2011,0,
ESTAT:TPS00195(1.0),21/09/23 14:19:00,A,PER,EXT_EU27_2020,T,TOTAL,CH,2012,0,
ESTAT:TPS00195(1.0),21/09/23 14:19:00,A,PER,EXT_EU27_2020,T,TOTAL,CH,2013,0,
ESTAT:TPS00195(1.0),21/09/23 14:19:00,A,PER,EXT_EU27_2020,T,TOTAL,CH,2014,0,
ESTAT:TPS00195(1.0),21/09/23 14:19:00,A,PER,EXT_EU27_2020,T,TOTAL,CH,2015,610,
ESTAT:TPS00195(1.0),21/09/23 14:19:00,A,PER,EXT_EU27_2020,T,TOTAL,CH,2016,620,
ESTAT:TPS00195(1.0),21/09/23 14:19:00,A,PER,EXT_EU27_2020,T,TOTAL,CH,2017,665,
ESTAT:TPS00195(1.0),21/09/23 14:19:00,A,PER,EXT_EU27_2020,T,TOTAL,CH,2018,1080,
ESTAT:TPS00195(1.0),21/09/23 14:19:00,A,PER,EXT_EU27_2020,T,TOTAL,CH,2019,1000,
ESTAT:TPS00195(1.0),21/09/23 14:19:00,A,PER,EXT_EU27_2020,T,TOTAL,CH,2020,615,
ESTAT:TPS00195(1.0),21/09/23 14:19:00,A,PER,EXT_EU27_2020,T,TOTAL,CH,2021,1050,
ESTAT:TPS00195(1.0),21/09/23 14:19:00,A,PER,EXT_EU27_2020,T,TOTAL,CH,2022,610,
ESTAT:TPS00195(1.0),21/09/23 14:19:00,A,PER,EXT_EU27_2020,T,TOTAL,CY,2008,0,
ESTAT:TPS00195(1.0),21/09/23 14:19:00,A,PER,EXT_EU27_2020,T,TOTAL,CY,2009,0,
ESTAT:TPS00195(1.0),21/09/23 14:19:00,A,PER,EXT_EU27_2020,T,TOTAL,CY,2010,0,
ESTAT:TPS00195(1.0),21/09/23 14:19:00,A,PER,EXT_EU27_2020,T,TOTAL,CY,2011,0,
ESTAT:TPS00195(1.0),21/09/23 14:19:00,A,PER,EXT_EU27_2020,T,TOTAL,CY,2012,0,
ESTAT:TPS00195(1.0),21/09/23 14:19:00,A,PER,EXT_EU27_2020,T,TOTAL,CY,2013,0,
ESTAT:TPS00195(1.0),21/09/23 14:19:00,A,PER,EXT_EU27_2020,T,TOTAL,CY,2014,0,
ESTAT:TPS00195(1.0),21/09/23 14:19:00,A,PER,EXT_EU27_2020,T,TOTAL,CY,2015,0,
ESTAT:TPS00195(1.0),21/09/23 14:19:00,A,PER,EXT_EU27_2020,T,TOTAL,CY,2016,0,
ESTAT:TPS00195(1.0),21/09/23 14:19:00,A,PER,EXT_EU27_2020,T,TOTAL,CY,2017,0,
ESTAT:TPS00195(1.0),21/09/23 14:19:00,A,PER,EXT_EU27_2020,T,TOTAL,CY,2018,0,
ESTAT:TPS00195(1.0),21/09/23 14:19:00,A,PER,EXT_EU27_2020,T,TOTAL,CY,2019,0,
ESTAT:TPS00195(1.0),21/09/23 14:19:00,A,PER,EXT_EU27_2020,T,TOTAL,CY,2020,0,
ESTAT:TPS00195(1.0),21/09/23 14:19:00,A,PER,EXT_EU27_2020,T,TOTAL,CY,2021,0,
ESTAT:TPS00195(1.0),21/09/23 14:19:00,A,PER,EXT_EU27_2020,T,TOTAL,CY,2022,0,
ESTAT:TPS00195(1.0),21/09/23 14:19:00,A,PER,EXT_EU27_2020,T,TOTAL,CZ,2010,40,
ESTAT:TPS00195(1.0),21/09/23 14:19:00,A,PER,EXT_EU27_2020,T,TOTAL,CZ,2011,0,
ESTAT:TPS00195(1.0),21/09/23 14:19:00,A,PER,EXT_EU27_2020,T,TOTAL,CZ,2012,25,
ESTAT:TPS00195(1.0),21/09/23 14:19:00,A,PER,EXT_EU27_2020,T,TOTAL,CZ,2013,0,
ESTAT:TPS00195(1.0),21/09/23 14:19:00,A,PER,EXT_EU27_2020,T,TOTAL,CZ,2014,0,
ESTAT:TPS00195(1.0),21/09/23 14:19:00,A,PER,EXT_EU27_2020,T,TOTAL,CZ,2015,20,
ESTAT:TPS00195(1.0),21/09/23 14:19:00,A,PER,EXT_EU27_2020,T,TOTAL,CZ,2016,0,
ESTAT:TPS00195(1.0),21/09/23 14:19:00,A,PER,EXT_EU27_2020,T,TOTAL,CZ,2017,0,
ESTAT:TPS00195(1.0),21/09/23 14:19:00,A,PER,EXT_EU27_2020,T,TOTAL,CZ,2018,0,
ESTAT:TPS00195(1.0),21/09/23 14:19:00,A,PER,EXT_EU27_2020,T,TOTAL,CZ,2019,0,
ESTAT:TPS00195(1.0),21/09/23 14:19:00,A,PER,EXT_EU27_2020,T,TOTAL,CZ,2020,0,
ESTAT:TPS00195(1.0),21/09/23 14:19:00,A,PER,EXT_EU27_2020,T,TOTAL,CZ,2021,0,
ESTAT:TPS00195(1.0),21/09/23 14:19:00,A,PER,EXT_EU27_2020,T,TOTAL,CZ,2022,0,
ESTAT:TPS00195(1.0),21/09/23 14:19:00,A,PER,EXT_EU27_2020,T,TOTAL,DE,2008,0,
ESTAT:TPS00195(1.0),21/09/23 14:19:00,A,PER,EXT_EU27_2020,T,TOTAL,DE,2009,2070,
ESTAT:TPS00195(1.0),21/09/23 14:19:00,A,PER,EXT_EU27_2020,T,TOTAL,DE,2010,525,
ESTAT:TPS00195(1.0),21/09/23 14:19:00,A,PER,EXT_EU27_2020,T,TOTAL,DE,2011,145,
ESTAT:TPS00195(1.0),21/09/23 14:19:00,A,PER,EXT_EU27_2020,T,TOTAL,DE,2012,305,
ESTAT:TPS00195(1.0),21/09/23 14:19:00,A,PER,EXT_EU27_2020,T,TOTAL,DE,2013,280,
ESTAT:TPS00195(1.0),21/09/23 14:19:00,A,PER,EXT_EU27_2020,T,TOTAL,DE,2014,280,
ESTAT:TPS00195(1.0),21/09/23 14:19:00,A,PER,EXT_EU27_2020,T,TOTAL,DE,2015,510,
ESTAT:TPS00195(1.0),21/09/23 14:19:00,A,PER,EXT_EU27_2020,T,TOTAL,DE,2016,1240,
ESTAT:TPS00195(1.0),21/09/23 14:19:00,A,PER,EXT_EU27_2020,T,TOTAL,DE,2017,3015,
ESTAT:TPS00195(1.0),21/09/23 14:19:00,A,PER,EXT_EU27_2020,T,TOTAL,DE,2018,3200,
ESTAT:TPS00195(1.0),21/09/23 14:19:00,A,PER,EXT_EU27_2020,T,TOTAL,DE,2019,4890,
ESTAT:TPS00195(1.0),21/09/23 14:19:00,A,PER,EXT_EU27_2020,T,TOTAL,DE,2020,1395,
ESTAT:TPS00195(1.0),21/09/23 14:19:00,A,PER,EXT_EU27_2020,T,TOTAL,DE,2021,6680,
ESTAT:TPS00195(1.0),21/09/23 14:19:00,A,PER,EXT_EU27_2020,T,TOTAL,DE,2022,4775,
ESTAT:TPS00195(1.0),21/09/23 14:19:00,A,PER,EXT_EU27_2020,T,TOTAL,DK,2008,500,
ESTAT:TPS00195(1.0),21/09/23 14:19:00,A,PER,EXT_EU27_2020,T,TOTAL,DK,2009,175,
ESTAT:TPS00195(1.0),21/09/23 14:19:00,A,PER,EXT_EU27_2020,T,TOTAL,DK,2010,355,
ESTAT:TPS00195(1.0),21/09/23 14:19:00,A,PER,EXT_EU27_2020,T,TOTAL,DK,2011,475,
ESTAT:TPS00195(1.0),21/09/23 14:19:00,A,PER,EXT_EU27_2020,T,TOTAL,DK,2012,480,
ESTAT:TPS00195(1.0),21/09/23 14:19:00,A,PER,EXT_EU27_2020,T,TOTAL,DK,2013,575,
ESTAT:TPS00195(1.0),21/09/23 14:19:00,A,PER,EXT_EU27_2020,T,TOTAL,DK,2014,370,
ESTAT:TPS00195(1.0),21/09/23 14:19:00,A,PER,EXT_EU27_2020,T,TOTAL,DK,2015,450,
ESTAT:TPS00195(1.0),21/09/23 14:19:00,A,PER,EXT_EU27_2020,T,TOTAL,DK,2016,310,
ESTAT:TPS00195(1.0),21/09/23 14:19:00,A,PER,EXT_EU27_2020,T,TOTAL,DK,2017,5,
ESTAT:TPS00195(1.0),21/09/23 14:19:00,A,PER,EXT_EU27_2020,T,TOTAL,DK,2018,0,
ESTAT:TPS00195(1.0),21/09/23 14:19:00,A,PER,EXT_EU27_2020,T,TOTAL,DK,2019,0,
ESTAT:TPS00195(1.0),21/09/23 14:19:00,A,PER,EXT_EU27_2020,T,TOTAL,DK,2020,30,
ESTAT:TPS00195(1.0),21/09/23 14:19:00,A,PER,EXT_EU27_2020,T,TOTAL,DK,2021,55,
ESTAT:TPS00195(1.0),21/09/23 14:19:00,A,PER,EXT_EU27_2020,T,TOTAL,DK,2022,150,
ESTAT:TPS00195(1.0),21/09/23 14:19:00,A,PER,EXT_EU27_2020,T,TOTAL,EE,2008,0,
ESTAT:TPS00195(1.0),21/09/23 14:19:00,A,PER,EXT_EU27_2020,T,TOTAL,EE,2009,0,
ESTAT:TPS00195(1.0),21/09/23 14:19:00,A,PER,EXT_EU27_2020,T,TOTAL,EE,2010,0,
ESTAT:TPS00195(1.0),21/09/23 14:19:00,A,PER,EXT_EU27_2020,T,TOTAL,EE,2011,0,
ESTAT:TPS00195(1.0),21/09/23 14:19:00,A,PER,EXT_EU27_2020,T,TOTAL,EE,2012,0,
ESTAT:TPS00195(1.0),21/09/23 14:19:00,A,PER,EXT_EU27_2020,T,TOTAL,EE,2013,0,
ESTAT:TPS00195(1.0),21/09/23 14:19:00,A,PER,EXT_EU27_2020,T,TOTAL,EE,2014,0,
ESTAT:TPS00195(1.0),21/09/23 14:19:00,A,PER,EXT_EU27_2020,T,TOTAL,EE,2015,0,
ESTAT:TPS00195(1.0),21/09/23 14:19:00,A,PER,EXT_EU27_2020,T,TOTAL,EE,2016,10,
ESTAT:TPS00195(1.0),21/09/23 14:19:00,A,PER,EXT_EU27_2020,T,TOTAL,EE,2017,20,
ESTAT:TPS00195(1.0),21/09/23 14:19:00,A,PER,EXT_EU27_2020,T,TOTAL,EE,2018,30,
ESTAT:TPS00195(1.0),21/09/23 14:19:00,A,PER,EXT_EU27_2020,T,TOTAL,EE,2019,5,
ESTAT:TPS00195(1.0),21/09/23 14:19:00,A,PER,EXT_EU27_2020,T,TOTAL,EE,2020,0,
ESTAT:TPS00195(1.0),21/09/23 14:19:00,A,PER,EXT_EU27_2020,T,TOTAL,EE,2021,0,
ESTAT:TPS00195(1.0),21/09/23 14:19:00,A,PER,EXT_EU27_2020,T,TOTAL,EE,2022,0,
ESTAT:TPS00195(1.0),21/09/23 14:19:00,A,PER,EXT_EU27_2020,T,TOTAL,EL,2008,0,
ESTAT:TPS00195(1.0),21/09/23 14:19:00,A,PER,EXT_EU27_2020,T,TOTAL,EL,2009,0,
ESTAT:TPS00195(1.0),21/09/23 14:19:00,A,PER,EXT_EU27_2020,T,TOTAL,EL,2010,0,
ESTAT:TPS00195(1.0),21/09/23 14:19:00,A,PER,EXT_EU27_2020,T,TOTAL,EL,2011,0,
ESTAT:TPS00195(1.0),21/09/23 14:19:00,A,PER,EXT_EU27_2020,T,TOTAL,EL,2012,0,
ESTAT:TPS00195(1.0),21/09/23 14:19:00,A,PER,EXT_EU27_2020,T,TOTAL,EL,2013,0,
ESTAT:TPS00195(1.0),21/09/23 14:19:00,A,PER,EXT_EU27_2020,T,TOTAL,EL,2014,0,
ESTAT:TPS00195(1.0),21/09/23 14:19:00,A,PER,EXT_EU27_2020,T,TOTAL,EL,2015,0,
ESTAT:TPS00195(1.0),21/09/23 14:19:00,A,PER,EXT_EU27_2020,T,TOTAL,EL,2016,0,
ESTAT:TPS00195(1.0),21/09/23 14:19:00,A,PER,EXT_EU27_2020,T,TOTAL,EL,2017,0,
ESTAT:TPS00195(1.0),21/09/23 14:19:00,A,PER,EXT_EU27_2020,T,TOTAL,EL,2018,0,
ESTAT:TPS00195(1.0),21/09/23 14:19:00,A,PER,EXT_EU27_2020,T,TOTAL,EL,2019,0,
ESTAT:TPS00195(1.0),21/09/23 14:19:00,A,PER,EXT_EU27_2020,T,TOTAL,EL,2020,0,
ESTAT:TPS00195(1.0),21/09/23 14:19:00,A,PER,EXT_EU27_2020,T,TOTAL,EL,2021,0,
ESTAT:TPS00195(1.0),21/09/23 14:19:00,A,PER,EXT_EU27_2020,T,TOTAL,EL,2022,0,
ESTAT:TPS00195(1.0),21/09/23 14:19:00,A,PER,EXT_EU27_2020,T,TOTAL,ES,2009,0,
ESTAT:TPS00195(1.0),21/09/23 14:19:00,A,PER,EXT_EU27_2020,T,TOTAL,ES,2010,0,
ESTAT:TPS00195(1.0),21/09/23 14:19:00,A,PER,EXT_EU27_2020,T,TOTAL,ES,2011,0,
ESTAT:TPS00195(1.0),21/09/23 14:19:00,A,PER,EXT_EU27_2020,T,TOTAL,ES,2012,80,
ESTAT:TPS00195(1.0),21/09/23 14:19:00,A,PER,EXT_EU27_2020,T,TOTAL,ES,2013,0,
ESTAT:TPS00195(1.0),21/09/23 14:19:00,A,PER,EXT_EU27_2020,T,TOTAL,ES,2014,125,
ESTAT:TPS00195(1.0),21/09/23 14:19:00,A,PER,EXT_EU27_2020,T,TOTAL,ES,2015,0,
ESTAT:TPS00195(1.0),21/09/23 14:19:00,A,PER,EXT_EU27_2020,T,TOTAL,ES,2016,375,
ESTAT:TPS00195(1.0),21/09/23 14:19:00,A,PER,EXT_EU27_2020,T,TOTAL,ES,2017,1490,
ESTAT:TPS00195(1.0),21/09/23 14:19:00,A,PER,EXT_EU27_2020,T,TOTAL,ES,2018,830,
ESTAT:TPS00195(1.0),21/09/23 14:19:00,A,PER,EXT_EU27_2020,T,TOTAL,ES,2019,810,
ESTAT:TPS00195(1.0),21/09/23 14:19:00,A,PER,EXT_EU27_2020,T,TOTAL,ES,2020,365,
ESTAT:TPS00195(1.0),21/09/23 14:19:00,A,PER,EXT_EU27_2020,T,TOTAL,ES,2021,535,
ESTAT:TPS00195(1.0),21/09/23 14:19:00,A,PER,EXT_EU27_2020,T,TOTAL,ES,2022,1110,
ESTAT:TPS00195(1.0),21/09/23 14:19:00,A,PER,EXT_EU27_2020,T,TOTAL,EU27_2020,2013,3935,
ESTAT:TPS00195(1.0),21/09/23 14:19:00,A,PER,EXT_EU27_2020,T,TOTAL,EU27_2020,2014,5765,
ESTAT:TPS00195(1.0),21/09/23 14:19:00,A,PER,EXT_EU27_2020,T,TOTAL,EU27_2020,2015,6310,
ESTAT:TPS00195(1.0),21/09/23 14:19:00,A,PER,EXT_EU27_2020,T,TOTAL,EU27_2020,2016,8475,
ESTAT:TPS00195(1.0),21/09/23 14:19:00,A,PER,EXT_EU27_2020,T,TOTAL,EU27_2020,2017,17940,
ESTAT:TPS00195(1.0),21/09/23 14:19:00,A,PER,EXT_EU27_2020,T,TOTAL,EU27_2020,2018,19025,
ESTAT:TPS00195(1.0),21/09/23 14:19:00,A,PER,EXT_EU27_2020,T,TOTAL,EU27_2020,2019,22100,
ESTAT:TPS00195(1.0),21/09/23 14:19:00,A,PER,EXT_EU27_2020,T,TOTAL,EU27_2020,2020,8800,
ESTAT:TPS00195(1.0),21/09/23 14:19:00,A,PER,EXT_EU27_2020,T,TOTAL,EU27_2020,2021,18460,
ESTAT:TPS00195(1.0),21/09/23 14:19:00,A,PER,EXT_EU27_2020,T,TOTAL,EU27_2020,2022,17330,
ESTAT:TPS00195(1.0),21/09/23 14:19:00,A,PER,EXT_EU27_2020,T,TOTAL,FI,2008,750,
ESTAT:TPS00195(1.0),21/09/23 14:19:00,A,PER,EXT_EU27_2020,T,TOTAL,FI,2009,725,
ESTAT:TPS00195(1.0),21/09/23 14:19:00,A,PER,EXT_EU27_2020,T,TOTAL,FI,2010,545,
ESTAT:TPS00195(1.0),21/09/23 14:19:00,A,PER,EXT_EU27_2020,T,TOTAL,FI,2011,585,
ESTAT:TPS00195(1.0),21/09/23 14:19:00,A,PER,EXT_EU27_2020,T,TOTAL,FI,2012,730,
ESTAT:TPS00195(1.0),21/09/23 14:19:00,A,PER,EXT_EU27_2020,T,TOTAL,FI,2013,675,
ESTAT:TPS00195(1.0),21/09/23 14:19:00,A,PER,EXT_EU27_2020,T,TOTAL,FI,2014,1090,
ESTAT:TPS00195(1.0),21/09/23 14:19:00,A,PER,EXT_EU27_2020,T,TOTAL,FI,2015,1005,
ESTAT:TPS00195(1.0),21/09/23 14:19:00,A,PER,EXT_EU27_2020,T,TOTAL,FI,2016,945,
ESTAT:TPS00195(1.0),21/09/23 14:19:00,A,PER,EXT_EU27_2020,T,TOTAL,FI,2017,1090,
ESTAT:TPS00195(1.0),21/09/23 14:19:00,A,PER,EXT_EU27_2020,T,TOTAL,FI,2018,605,
ESTAT:TPS00195(1.0),21/09/23 14:19:00,A,PER,EXT_EU27_2020,T,TOTAL,FI,2019,890,
ESTAT:TPS00195(1.0),21/09/23 14:19:00,A,PER,EXT_EU27_2020,T,TOTAL,FI,2020,660,
ESTAT:TPS00195(1.0),21/09/23 14:19:00,A,PER,EXT_EU27_2020,T,TOTAL,FI,2021,890,
ESTAT:TPS00195(1.0),21/09/23 14:19:00,A,PER,EXT_EU27_2020,T,TOTAL,FI,2022,1090,
ESTAT:TPS00195(1.0),21/09/23 14:19:00,A,PER,EXT_EU27_2020,T,TOTAL,FR,2008,195,
ESTAT:TPS00195(1.0),21/09/23 14:19:00,A,PER,EXT_EU27_2020,T,TOTAL,FR,2009,520,
ESTAT:TPS00195(1.0),21/09/23 14:19:00,A,PER,EXT_EU27_2020,T,TOTAL,FR,2010,360,
ESTAT:TPS00195(1.0),21/09/23 14:19:00,A,PER,EXT_EU27_2020,T,TOTAL,FR,2011,130,
ESTAT:TPS00195(1.0),21/09/23 14:19:00,A,PER,EXT_EU27_2020,T,TOTAL,FR,2012,100,
ESTAT:TPS00195(1.0),21/09/23 14:19:00,A,PER,EXT_EU27_2020,T,TOTAL,FR,2013,90,
ESTAT:TPS00195(1.0),21/09/23 14:19:00,A,PER,EXT_EU27_2020,T,TOTAL,FR,2014,450,
ESTAT:TPS00195(1.0),21/09/23 14:19:00,A,PER,EXT_EU27_2020,T,TOTAL,FR,2015,620,
ESTAT:TPS00195(1.0),21/09/23 14:19:00,A,PER,EXT_EU27_2020,T,TOTAL,FR,2016,600,
ESTAT:TPS00195(1.0),21/09/23 14:19:00,A,PER,EXT_EU27_2020,T,TOTAL,FR,2017,2620,
ESTAT:TPS00195(1.0),21/09/23 14:19:00,A,PER,EXT_EU27_2020,T,TOTAL,FR,2018,5565,
ESTAT:TPS00195(1.0),21/09/23 14:19:00,A,PER,EXT_EU27_2020,T,TOTAL,FR,2019,5600,
ESTAT:TPS00195(1.0),21/09/23 14:19:00,A,PER,EXT_EU27_2020,T,TOTAL,FR,2020,1340,
ESTAT:TPS00195(1.0),21/09/23 14:19:00,A,PER,EXT_EU27_2020,T,TOTAL,FR,2021,1935,
ESTAT:TPS00195(1.0),21/09/23 14:19:00,A,PER,EXT_EU27_2020,T,TOTAL,FR,2022,3200,
ESTAT:TPS00195(1.0),21/09/23 14:19:00,A,PER,EXT_EU27_2020,T,TOTAL,HR,2012,0,
ESTAT:TPS00195(1.0),21/09/23 14:19:00,A,PER,EXT_EU27_2020,T,TOTAL,HR,2013,0,
ESTAT:TPS00195(1.0),21/09/23 14:19:00,A,PER,EXT_EU27_2020,T,TOTAL,HR,2014,0,
ESTAT:TPS00195(1.0),21/09/23 14:19:00,A,PER,EXT_EU27_2020,T,TOTAL,HR,2015,0,
ESTAT:TPS00195(1.0),21/09/23 14:19:00,A,PER,EXT_EU27_2020,T,TOTAL,HR,2016,0,
ESTAT:TPS00195(1.0),21/09/23 14:19:00,A,PER,EXT_EU27_2020,T,TOTAL,HR,2017,40,
ESTAT:TPS00195(1.0),21/09/23 14:19:00,A,PER,EXT_EU27_2020,T,TOTAL,HR,2018,110,
ESTAT:TPS00195(1.0),21/09/23 14:19:00,A,PER,EXT_EU27_2020,T,TOTAL,HR,2019,100,
ESTAT:TPS00195(1.0),21/09/23 14:19:00,A,PER,EXT_EU27_2020,T,TOTAL,HR,2020,0,
ESTAT:TPS00195(1.0),21/09/23 14:19:00,A,PER,EXT_EU27_2020,T,TOTAL,HR,2021,0,
ESTAT:TPS00195(1.0),21/09/23 14:19:00,A,PER,EXT_EU27_2020,T,TOTAL,HR,2022,0,
ESTAT:TPS00195(1.0),21/09/23 14:19:00,A,PER,EXT_EU27_2020,T,TOTAL,HU,2008,0,
ESTAT:TPS00195(1.0),21/09/23 14:19:00,A,PER,EXT_EU27_2020,T,TOTAL,HU,2009,0,
ESTAT:TPS00195(1.0),21/09/23 14:19:00,A,PER,EXT_EU27_2020,T,TOTAL,HU,2010,0,
ESTAT:TPS00195(1.0),21/09/23 14:19:00,A,PER,EXT_EU27_2020,T,TOTAL,HU,2011,0,
ESTAT:TPS00195(1.0),21/09/23 14:19:00,A,PER,EXT_EU27_2020,T,TOTAL,HU,2012,0,
ESTAT:TPS00195(1.0),21/09/23 14:19:00,A,PER,EXT_EU27_2020,T,TOTAL,HU,2013,0,
ESTAT:TPS00195(1.0),21/09/23 14:19:00,A,PER,EXT_EU27_2020,T,TOTAL,HU,2014,10,
ESTAT:TPS00195(1.0),21/09/23 14:19:00,A,PER,EXT_EU27_2020,T,TOTAL,HU,2015,5,
ESTAT:TPS00195(1.0),21/09/23 14:19:00,A,PER,EXT_EU27_2020,T,TOTAL,HU,2016,0,
ESTAT:TPS00195(1.0),21/09/23 14:19:00,A,PER,EXT_EU27_2020,T,TOTAL,HU,2017,0,
ESTAT:TPS00195(1.0),21/09/23 14:19:00,A,PER,EXT_EU27_2020,T,TOTAL,HU,2018,0,
ESTAT:TPS00195(1.0),21/09/23 14:19:00,A,PER,EXT_EU27_2020,T,TOTAL,HU,2019,0,
ESTAT:TPS00195(1.0),21/09/23 14:19:00,A,PER,EXT_EU27_2020,T,TOTAL,HU,2020,0,
ESTAT:TPS00195(1.0),21/09/23 14:19:00,A,PER,EXT_EU27_2020,T,TOTAL,HU,2021,0,
ESTAT:TPS00195(1.0),21/09/23 14:19:00,A,PER,EXT_EU27_2020,T,TOTAL,HU,2022,0,
ESTAT:TPS00195(1.0),21/09/23 14:19:00,A,PER,EXT_EU27_2020,T,TOTAL,IE,2008,100,
ESTAT:TPS00195(1.0),21/09/23 14:19:00,A,PER,EXT_EU27_2020,T,TOTAL,IE,2009,190,
ESTAT:TPS00195(1.0),21/09/23 14:19:00,A,PER,EXT_EU27_2020,T,TOTAL,IE,2010,20,
ESTAT:TPS00195(1.0),21/09/23 14:19:00,A,PER,EXT_EU27_2020,T,TOTAL,IE,2011,45,
ESTAT:TPS00195(1.0),21/09/23 14:19:00,A,PER,EXT_EU27_2020,T,TOTAL,IE,2012,50,
ESTAT:TPS00195(1.0),21/09/23 14:19:00,A,PER,EXT_EU27_2020,T,TOTAL,IE,2013,85,
ESTAT:TPS00195(1.0),21/09/23 14:19:00,A,PER,EXT_EU27_2020,T,TOTAL,IE,2014,95,
ESTAT:TPS00195(1.0),21/09/23 14:19:00,A,PER,EXT_EU27_2020,T,TOTAL,IE,2015,175,
ESTAT:TPS00195(1.0),21/09/23 14:19:00,A,PER,EXT_EU27_2020,T,TOTAL,IE,2016,355,
ESTAT:TPS00195(1.0),21/09/23 14:19:00,A,PER,EXT_EU27_2020,T,TOTAL,IE,2017,275,
ESTAT:TPS00195(1.0),21/09/23 14:19:00,A,PER,EXT_EU27_2020,T,TOTAL,IE,2018,340,
ESTAT:TPS00195(1.0),21/09/23 14:19:00,A,PER,EXT_EU27_2020,T,TOTAL,IE,2019,785,
ESTAT:TPS00195(1.0),21/09/23 14:19:00,A,PER,EXT_EU27_2020,T,TOTAL,IE,2020,195,
ESTAT:TPS00195(1.0),21/09/23 14:19:00,A,PER,EXT_EU27_2020,T,TOTAL,IE,2021,470,
ESTAT:TPS00195(1.0),21/09/23 14:19:00,A,PER,EXT_EU27_2020,T,TOTAL,IE,2022,365,
ESTAT:TPS00195(1.0),21/09/23 14:19:00,A,PER,EXT_EU27_2020,T,TOTAL,IS,2008,30,
ESTAT:TPS00195(1.0),21/09/23 14:19:00,A,PER,EXT_EU27_2020,T,TOTAL,IS,2009,0,
ESTAT:TPS00195(1.0),21/09/23 14:19:00,A,PER,EXT_EU27_2020,T,TOTAL,IS,2010,5,
ESTAT:TPS00195(1.0),21/09/23 14:19:00,A,PER,EXT_EU27_2020,T,TOTAL,IS,2011,0,
ESTAT:TPS00195(1.0),21/09/23 14:19:00,A,PER,EXT_EU27_2020,T,TOTAL,IS,2012,10,
ESTAT:TPS00195(1.0),21/09/23 14:19:00,A,PER,EXT_EU27_2020,T,TOTAL,IS,2013,0,
ESTAT:TPS00195(1.0),21/09/23 14:19:00,A,PER,EXT_EU27_2020,T,TOTAL,IS,2014,10,
ESTAT:TPS00195(1.0),21/09/23 14:19:00,A,PER,EXT_EU27_2020,T,TOTAL,IS,2015,15,
ESTAT:TPS00195(1.0),21/09/23 14:19:00,A,PER,EXT_EU27_2020,T,TOTAL,IS,2016,55,
ESTAT:TPS00195(1.0),21/09/23 14:19:00,A,PER,EXT_EU27_2020,T,TOTAL,IS,2017,45,
ESTAT:TPS00195(1.0),21/09/23 14:19:00,A,PER,EXT_EU27_2020,T,TOTAL,IS,2018,50,
ESTAT:TPS00195(1.0),21/09/23 14:19:00,A,PER,EXT_EU27_2020,T,TOTAL,IS,2019,75,
ESTAT:TPS00195(1.0),21/09/23 14:19:00,A,PER,EXT_EU27_2020,T,TOTAL,IS,2020,0,
ESTAT:TPS00195(1.0),21/09/23 14:19:00,A,PER,EXT_EU27_2020,T,TOTAL,IS,2021,35,
ESTAT:TPS00195(1.0),21/09/23 14:19:00,A,PER,EXT_EU27_2020,T,TOTAL,IT,2008,70,
ESTAT:TPS00195(1.0),21/09/23 14:19:00,A,PER,EXT_EU27_2020,T,TOTAL,IT,2009,160,
ESTAT:TPS00195(1.0),21/09/23 14:19:00,A,PER,EXT_EU27_2020,T,TOTAL,IT,2010,55,
ESTAT:TPS00195(1.0),21/09/23 14:19:00,A,PER,EXT_EU27_2020,T,TOTAL,IT,2011,0,
ESTAT:TPS00195(1.0),21/09/23 14:19:00,A,PER,EXT_EU27_2020,T,TOTAL,IT,2012,0,
ESTAT:TPS00195(1.0),21/09/23 14:19:00,A,PER,EXT_EU27_2020,T,TOTAL,IT,2013,0,
ESTAT:TPS00195(1.0),21/09/23 14:19:00,A,PER,EXT_EU27_2020,T,TOTAL,IT,2014,0,
ESTAT:TPS00195(1.0),21/09/23 14:19:00,A,PER,EXT_EU27_2020,T,TOTAL,IT,2015,95,
ESTAT:TPS00195(1.0),21/09/23 14:19:00,A,PER,EXT_EU27_2020,T,TOTAL,IT,2016,1045,
ESTAT:TPS00195(1.0),21/09/23 14:19:00,A,PER,EXT_EU27_2020,T,TOTAL,IT,2017,1515,
ESTAT:TPS00195(1.0),21/09/23 14:19:00,A,PER,EXT_EU27_2020,T,TOTAL,IT,2018,1180,
ESTAT:TPS00195(1.0),21/09/23 14:19:00,A,PER,EXT_EU27_2020,T,TOTAL,IT,2019,1355,
ESTAT:TPS00195(1.0),21/09/23 14:19:00,A,PER,EXT_EU27_2020,T,TOTAL,IT,2020,350,
ESTAT:TPS00195(1.0),21/09/23 14:19:00,A,PER,EXT_EU27_2020,T,TOTAL,IT,2021,0,
ESTAT:TPS00195(1.0),21/09/23 14:19:00,A,PER,EXT_EU27_2020,T,TOTAL,IT,2022,60,
ESTAT:TPS00195(1.0),21/09/23 14:19:00,A,PER,EXT_EU27_2020,T,TOTAL,LI,2008,0,
ESTAT:TPS00195(1.0),21/09/23 14:19:00,A,PER,EXT_EU27_2020,T,TOTAL,LI,2009,0,
ESTAT:TPS00195(1.0),21/09/23 14:19:00,A,PER,EXT_EU27_2020,T,TOTAL,LI,2010,0,
ESTAT:TPS00195(1.0),21/09/23 14:19:00,A,PER,EXT_EU27_2020,T,TOTAL,LI,2011,0,
ESTAT:TPS00195(1.0),21/09/23 14:19:00,A,PER,EXT_EU27_2020,T,TOTAL,LI,2012,0,
ESTAT:TPS00195(1.0),21/09/23 14:19:00,A,PER,EXT_EU27_2020,T,TOTAL,LI,2013,0,
ESTAT:TPS00195(1.0),21/09/23 14:19:00,A,PER,EXT_EU27_2020,T,TOTAL,LI,2014,5,
ESTAT:TPS00195(1.0),21/09/23 14:19:00,A,PER,EXT_EU27_2020,T,TOTAL,LI,2015,20,
ESTAT:TPS00195(1.0),21/09/23 14:19:00,A,PER,EXT_EU27_2020,T,TOTAL,LI,2016,0,
ESTAT:TPS00195(1.0),21/09/23 14:19:00,A,PER,EXT_EU27_2020,T,TOTAL,LI,2017,0,
ESTAT:TPS00195(1.0),21/09/23 14:19:00,A,PER,EXT_EU27_2020,T,TOTAL,LI,2018,0,
ESTAT:TPS00195(1.0),21/09/23 14:19:00,A,PER,EXT_EU27_2020,T,TOTAL,LI,2019,0,
ESTAT:TPS00195(1.0),21/09/23 14:19:00,A,PER,EXT_EU27_2020,T,TOTAL,LI,2020,0,
ESTAT:TPS00195(1.0),21/09/23 14:19:00,A,PER,EXT_EU27_2020,T,TOTAL,LI,2021,0,
ESTAT:TPS00195(1.0),21/09/23 14:19:00,A,PER,EXT_EU27_2020,T,TOTAL,LI,2022,0,
ESTAT:TPS00195(1.0),21/09/23 14:19:00,A,PER,EXT_EU27_2020,T,TOTAL,LT,2008,0,
ESTAT:TPS00195(1.0),21/09/23 14:19:00,A,PER,EXT_EU27_2020,T,TOTAL,LT,2009,0,
ESTAT:TPS00195(1.0),21/09/23 14:19:00,A,PER,EXT_EU27_2020,T,TOTAL,LT,2010,0,
ESTAT:TPS00195(1.0),21/09/23 14:19:00,A,PER,EXT_EU27_2020,T,TOTAL,LT,2011,0,
ESTAT:TPS00195(1.0),21/09/23 14:19:00,A,PER,EXT_EU27_2020,T,TOTAL,LT,2012,5,
ESTAT:TPS00195(1.0),21/09/23 14:19:00,A,PER,EXT_EU27_2020,T,TOTAL,LT,2013,0,
ESTAT:TPS00195(1.0),21/09/23 14:19:00,A,PER,EXT_EU27_2020,T,TOTAL,LT,2014,0,
ESTAT:TPS00195(1.0),21/09/23 14:19:00,A,PER,EXT_EU27_2020,T,TOTAL,LT,2015,5,
ESTAT:TPS00195(1.0),21/09/23 14:19:00,A,PER,EXT_EU27_2020,T,TOTAL,LT,2016,25,
ESTAT:TPS00195(1.0),21/09/23 14:19:00,A,PER,EXT_EU27_2020,T,TOTAL,LT,2017,60,
ESTAT:TPS00195(1.0),21/09/23 14:19:00,A,PER,EXT_EU27_2020,T,TOTAL,LT,2018,20,
ESTAT:TPS00195(1.0),21/09/23 14:19:00,A,PER,EXT_EU27_2020,T,TOTAL,LT,2019,0,
ESTAT:TPS00195(1.0),21/09/23 14:19:00,A,PER,EXT_EU27_2020,T,TOTAL,LT,2020,0,
ESTAT:TPS00195(1.0),21/09/23 14:19:00,A,PER,EXT_EU27_2020,T,TOTAL,LT,2021,15,
ESTAT:TPS00195(1.0),21/09/23 14:19:00,A,PER,EXT_EU27_2020,T,TOTAL,LT,2022,0,
ESTAT:TPS00195(1.0),21/09/23 14:19:00,A,PER,EXT_EU27_2020,T,TOTAL,LU,2008,0,
ESTAT:TPS00195(1.0),21/09/23 14:19:00,A,PER,EXT_EU27_2020,T,TOTAL,LU,2009,30,
ESTAT:TPS00195(1.0),21/09/23 14:19:00,A,PER,EXT_EU27_2020,T,TOTAL,LU,2010,5,
ESTAT:TPS00195(1.0),21/09/23 14:19:00,A,PER,EXT_EU27_2020,T,TOTAL,LU,2011,0,
ESTAT:TPS00195(1.0),21/09/23 14:19:00,A,PER,EXT_EU27_2020,T,TOTAL,LU,2012,0,
ESTAT:TPS00195(1.0),21/09/23 14:19:00,A,PER,EXT_EU27_2020,T,TOTAL,LU,2013,0,
ESTAT:TPS00195(1.0),21/09/23 14:19:00,A,PER,EXT_EU27_2020,T,TOTAL,LU,2014,30,
ESTAT:TPS00195(1.0),21/09/23 14:19:00,A,PER,EXT_EU27_2020,T,TOTAL,LU,2015,45,
ESTAT:TPS00195(1.0),21/09/23 14:19:00,A,PER,EXT_EU27_2020,T,TOTAL,LU,2016,50,
ESTAT:TPS00195(1.0),21/09/23 14:19:00,A,PER,EXT_EU27_2020,T,TOTAL,LU,2017,180,
ESTAT:TPS00195(1.0),21/09/23 14:19:00,A,PER,EXT_EU27_2020,T,TOTAL,LU,2018,0,
ESTAT:TPS00195(1.0),21/09/23 14:19:00,A,PER,EXT_EU27_2020,T,TOTAL,LU,2019,35,
ESTAT:TPS00195(1.0),21/09/23 14:19:00,A,PER,EXT_EU27_2020,T,TOTAL,LU,2020,15,
ESTAT:TPS00195(1.0),21/09/23 14:19:00,A,PER,EXT_EU27_2020,T,TOTAL,LU,2021,0,
ESTAT:TPS00195(1.0),21/09/23 14:19:00,A,PER,EXT_EU27_2020,T,TOTAL,LU,2022,0,
ESTAT:TPS00195(1.0),21/09/23 14:19:00,A,PER,EXT_EU27_2020,T,TOTAL,LV,2008,0,
ESTAT:TPS00195(1.0),21/09/23 14:19:00,A,PER,EXT_EU27_2020,T,TOTAL,LV,2009,0,
ESTAT:TPS00195(1.0),21/09/23 14:19:00,A,PER,EXT_EU27_2020,T,TOTAL,LV,2010,0,
ESTAT:TPS00195(1.0),21/09/23 14:19:00,A,PER,EXT_EU27_2020,T,TOTAL,LV,2011,0,
ESTAT:TPS00195(1.0),21/09/23 14:19:00,A,PER,EXT_EU27_2020,T,TOTAL,LV,2012,0,
ESTAT:TPS00195(1.0),21/09/23 14:19:00,A,PER,EXT_EU27_2020,T,TOTAL,LV,2013,0,
ESTAT:TPS00195(1.0),21/09/23 14:19:00,A,PER,EXT_EU27_2020,T,TOTAL,LV,2014,0,
ESTAT:TPS00195(1.0),21/09/23 14:19:00,A,PER,EXT_EU27_2020,T,TOTAL,LV,2015,0,
ESTAT:TPS00195(1.0),21/09/23 14:19:00,A,PER,EXT_EU27_2020,T,TOTAL,LV,2016,5,
ESTAT:TPS00195(1.0),21/09/23 14:19:00,A,PER,EXT_EU27_2020,T,TOTAL,LV,2017,40,
ESTAT:TPS00195(1.0),21/09/23 14:19:00,A,PER,EXT_EU27_2020,T,TOTAL,LV,2018,0,
ESTAT:TPS00195(1.0),21/09/23 14:19:00,A,PER,EXT_EU27_2020,T,TOTAL,LV,2019,0,
ESTAT:TPS00195(1.0),21/09/23 14:19:00,A,PER,EXT_EU27_2020,T,TOTAL,LV,2020,0,
ESTAT:TPS00195(1.0),21/09/23 14:19:00,A,PER,EXT_EU27_2020,T,TOTAL,LV,2021,0,
ESTAT:TPS00195(1.0),21/09/23 14:19:00,A,PER,EXT_EU27_2020,T,TOTAL,LV,2022,0,
ESTAT:TPS00195(1.0),21/09/23 14:19:00,A,PER,EXT_EU27_2020,T,TOTAL,MT,2008,0,
ESTAT:TPS00195(1.0),21/09/23 14:19:00,A,PER,EXT_EU27_2020,T,TOTAL,MT,2009,0,
ESTAT:TPS00195(1.0),21/09/23 14:19:00,A,PER,EXT_EU27_2020,T,TOTAL,MT,2010,0,
ESTAT:TPS00195(1.0),21/09/23 14:19:00,A,PER,EXT_EU27_2020,T,TOTAL,MT,2011,0,
ESTAT:TPS00195(1.0),21/09/23 14:19:00,A,PER,EXT_EU27_2020,T,TOTAL,MT,2012,0,
ESTAT:TPS00195(1.0),21/09/23 14:19:00,A,PER,EXT_EU27_2020,T,TOTAL,MT,2013,0,
ESTAT:TPS00195(1.0),21/09/23 14:19:00,A,PER,EXT_EU27_2020,T,TOTAL,MT,2014,0,
ESTAT:TPS00195(1.0),21/09/23 14:19:00,A,PER,EXT_EU27_2020,T,TOTAL,MT,2015,0,
ESTAT:TPS00195(1.0),21/09/23 14:19:00,A,PER,EXT_EU27_2020,T,TOTAL,MT,2016,0,
ESTAT:TPS00195(1.0),21/09/23 14:19:00,A,PER,EXT_EU27_2020,T,TOTAL,MT,2017,15,
ESTAT:TPS00195(1.0),21/09/23 14:19:00,A,PER,EXT_EU27_2020,T,TOTAL,MT,2018,0,
ESTAT:TPS00195(1.0),21/09/23 14:19:00,A,PER,EXT_EU27_2020,T,TOTAL,MT,2019,0,
ESTAT:TPS00195(1.0),21/09/23 14:19:00,A,PER,EXT_EU27_2020,T,TOTAL,MT,2020,0,
ESTAT:TPS00195(1.0),21/09/23 14:19:00,A,PER,EXT_EU27_2020,T,TOTAL,MT,2021,0,
ESTAT:TPS00195(1.0),21/09/23 14:19:00,A,PER,EXT_EU27_2020,T,TOTAL,MT,2022,0,
ESTAT:TPS00195(1.0),21/09/23 14:19:00,A,PER,EXT_EU27_2020,T,TOTAL,NL,2008,695,
ESTAT:TPS00195(1.0),21/09/23 14:19:00,A,PER,EXT_EU27_2020,T,TOTAL,NL,2009,370,
ESTAT:TPS00195(1.0),21/09/23 14:19:00,A,PER,EXT_EU27_2020,T,TOTAL,NL,2010,430,
ESTAT:TPS00195(1.0),21/09/23 14:19:00,A,PER,EXT_EU27_2020,T,TOTAL,NL,2011,540,
ESTAT:TPS00195(1.0),21/09/23 14:19:00,A,PER,EXT_EU27_2020,T,TOTAL,NL,2012,430,
ESTAT:TPS00195(1.0),21/09/23 14:19:00,A,PER,EXT_EU27_2020,T,TOTAL,NL,2013,310,
ESTAT:TPS00195(1.0),21/09/23 14:19:00,A,PER,EXT_EU27_2020,T,TOTAL,NL,2014,790,
ESTAT:TPS00195(1.0),21/09/23 14:19:00,A,PER,EXT_EU27_2020,T,TOTAL,NL,2015,450,
ESTAT:TPS00195(1.0),21/09/23 14:19:00,A,PER,EXT_EU27_2020,T,TOTAL,NL,2016,695,
ESTAT:TPS00195(1.0),21/09/23 14:19:00,A,PER,EXT_EU27_2020,T,TOTAL,NL,2017,2265,
ESTAT:TPS00195(1.0),21/09/23 14:19:00,A,PER,EXT_EU27_2020,T,TOTAL,NL,2018,1225,
ESTAT:TPS00195(1.0),21/09/23 14:19:00,A,PER,EXT_EU27_2020,T,TOTAL,NL,2019,1875,
ESTAT:TPS00195(1.0),21/09/23 14:19:00,A,PER,EXT_EU27_2020,T,TOTAL,NL,2020,425,
ESTAT:TPS00195(1.0),21/09/23 14:19:00,A,PER,EXT_EU27_2020,T,TOTAL,NL,2021,470,
ESTAT:TPS00195(1.0),21/09/23 14:19:00,A,PER,EXT_EU27_2020,T,TOTAL,NL,2022,1405,
ESTAT:TPS00195(1.0),21/09/23 14:19:00,A,PER,EXT_EU27_2020,T,TOTAL,NO,2009,1390,
ESTAT:TPS00195(1.0),21/09/23 14:19:00,A,PER,EXT_EU27_2020,T,TOTAL,NO,2010,1095,
ESTAT:TPS00195(1.0),21/09/23 14:19:00,A,PER,EXT_EU27_2020,T,TOTAL,NO,2011,1270,
ESTAT:TPS00195(1.0),21/09/23 14:19:00,A,PER,EXT_EU27_2020,T,TOTAL,NO,2012,1230,
ESTAT:TPS00195(1.0),21/09/23 14:19:00,A,PER,EXT_EU27_2020,T,TOTAL,NO,2013,955,
ESTAT:TPS00195(1.0),21/09/23 14:19:00,A,PER,EXT_EU27_2020,T,TOTAL,NO,2014,1285,
ESTAT:TPS00195(1.0),21/09/23 14:19:00,A,PER,EXT_EU27_2020,T,TOTAL,NO,2015,2375,
ESTAT:TPS00195(1.0),21/09/23 14:19:00,A,PER,EXT_EU27_2020,T,TOTAL,NO,2016,3290,
ESTAT:TPS00195(1.0),21/09/23 14:19:00,A,PER,EXT_EU27_2020,T,TOTAL,NO,2017,2815,
ESTAT:TPS00195(1.0),21/09/23 14:19:00,A,PER,EXT_EU27_2020,T,TOTAL,NO,2018,2480,
ESTAT:TPS00195(1.0),21/09/23 14:19:00,A,PER,EXT_EU27_2020,T,TOTAL,NO,2019,2795,
ESTAT:TPS00195(1.0),21/09/23 14:19:00,A,PER,EXT_EU27_2020,T,TOTAL,NO,2020,1525,
ESTAT:TPS00195(1.0),21/09/23 14:19:00,A,PER,EXT_EU27_2020,T,TOTAL,NO,2021,3650,
ESTAT:TPS00195(1.0),21/09/23 14:19:00,A,PER,EXT_EU27_2020,T,TOTAL,NO,2022,3125,
ESTAT:TPS00195(1.0),21/09/23 14:19:00,A,PER,EXT_EU27_2020,T,TOTAL,PL,2008,0,
ESTAT:TPS00195(1.0),21/09/23 14:19:00,A,PER,EXT_EU27_2020,T,TOTAL,PL,2009,0,
ESTAT:TPS00195(1.0),21/09/23 14:19:00,A,PER,EXT_EU27_2020,T,TOTAL,PL,2010,0,
ESTAT:TPS00195(1.0),21/09/23 14:19:00,A,PER,EXT_EU27_2020,T,TOTAL,PL,2011,0,
ESTAT:TPS00195(1.0),21/09/23 14:19:00,A,PER,EXT_EU27_2020,T,TOTAL,PL,2012,0,
ESTAT:TPS00195(1.0),21/09/23 14:19:00,A,PER,EXT_EU27_2020,T,TOTAL,PL,2013,0,
ESTAT:TPS00195(1.0),21/09/23 14:19:00,A,PER,EXT_EU27_2020,T,TOTAL,PL,2014,0,
ESTAT:TPS00195(1.0),21/09/23 14:19:00,A,PER,EXT_EU27_2020,T,TOTAL,PL,2015,0,
ESTAT:TPS00195(1.0),21/09/23 14:19:00,A,PER,EXT_EU27_2020,T,TOTAL,PL,2016,0,
ESTAT:TPS00195(1.0),21/09/23 14:19:00,A,PER,EXT_EU27_2020,T,TOTAL,PL,2017,0,
ESTAT:TPS00195(1.0),21/09/23 14:19:00,A,PER,EXT_EU27_2020,T,TOTAL,PL,2018,0,
ESTAT:TPS00195(1.0),21/09/23 14:19:00,A,PER,EXT_EU27_2020,T,TOTAL,PL,2019,0,
ESTAT:TPS00195(1.0),21/09/23 14:19:00,A,PER,EXT_EU27_2020,T,TOTAL,PL,2020,0,
ESTAT:TPS00195(1.0),21/09/23 14:19:00,A,PER,EXT_EU27_2020,T,TOTAL,PL,2021,0,
ESTAT:TPS00195(1.0),21/09/23 14:19:00,A,PER,EXT_EU27_2020,T,TOTAL,PL,2022,0,
ESTAT:TPS00195(1.0),21/09/23 14:19:00,A,PER,EXT_EU27_2020,T,TOTAL,PT,2008,10,
ESTAT:TPS00195(1.0),21/09/23 14:19:00,A,PER,EXT_EU27_2020,T,TOTAL,PT,2009,0,
ESTAT:TPS00195(1.0),21/09/23 14:19:00,A,PER,EXT_EU27_2020,T,TOTAL,PT,2010,35,
ESTAT:TPS00195(1.0),21/09/23 14:19:00,A,PER,EXT_EU27_2020,T,TOTAL,PT,2011,30,
ESTAT:TPS00195(1.0),21/09/23 14:19:00,A,PER,EXT_EU27_2020,T,TOTAL,PT,2012,15,
ESTAT:TPS00195(1.0),21/09/23 14:19:00,A,PER,EXT_EU27_2020,T,TOTAL,PT,2013,0,
ESTAT:TPS00195(1.0),21/09/23 14:19:00,A,PER,EXT_EU27_2020,T,TOTAL,PT,2014,15,
ESTAT:TPS00195(1.0),21/09/23 14:19:00,A,PER,EXT_EU27_2020,T,TOTAL,PT,2015,40,
ESTAT:TPS00195(1.0),21/09/23 14:19:00,A,PER,EXT_EU27_2020,T,TOTAL,PT,2016,10,
ESTAT:TPS00195(1.0),21/09/23 14:19:00,A,PER,EXT_EU27_2020,T,TOTAL,PT,2017,170,
ESTAT:TPS00195(1.0),21/09/23 14:19:00,A,PER,EXT_EU27_2020,T,TOTAL,PT,2018,35,
ESTAT:TPS00195(1.0),21/09/23 14:19:00,A,PER,EXT_EU27_2020,T,TOTAL,PT,2019,375,
ESTAT:TPS00195(1.0),21/09/23 14:19:00,A,PER,EXT_EU27_2020,T,TOTAL,PT,2020,220,
ESTAT:TPS00195(1.0),21/09/23 14:19:00,A,PER,EXT_EU27_2020,T,TOTAL,PT,2021,15,
ESTAT:TPS00195(1.0),21/09/23 14:19:00,A,PER,EXT_EU27_2020,T,TOTAL,PT,2022,0,
ESTAT:TPS00195(1.0),21/09/23 14:19:00,A,PER,EXT_EU27_2020,T,TOTAL,RO,2008,0,
ESTAT:TPS00195(1.0),21/09/23 14:19:00,A,PER,EXT_EU27_2020,T,TOTAL,RO,2009,0,
ESTAT:TPS00195(1.0),21/09/23 14:19:00,A,PER,EXT_EU27_2020,T,TOTAL,RO,2010,40,
ESTAT:TPS00195(1.0),21/09/23 14:19:00,A,PER,EXT_EU27_2020,T,TOTAL,RO,2011,0,
ESTAT:TPS00195(1.0),21/09/23 14:19:00,A,PER,EXT_EU27_2020,T,TOTAL,RO,2012,0,
ESTAT:TPS00195(1.0),21/09/23 14:19:00,A,PER,EXT_EU27_2020,T,TOTAL,RO,2013,0,
ESTAT:TPS00195(1.0),21/09/23 14:19:00,A,PER,EXT_EU27_2020,T,TOTAL,RO,2014,40,
ESTAT:TPS00195(1.0),21/09/23 14:19:00,A,PER,EXT_EU27_2020,T,TOTAL,RO,2015,0,
ESTAT:TPS00195(1.0),21/09/23 14:19:00,A,PER,EXT_EU27_2020,T,TOTAL,RO,2016,0,
ESTAT:TPS00195(1.0),21/09/23 14:19:00,A,PER,EXT_EU27_2020,T,TOTAL,RO,2017,45,
ESTAT:TPS00195(1.0),21/09/23 14:19:00,A,PER,EXT_EU27_2020,T,TOTAL,RO,2018,0,
ESTAT:TPS00195(1.0),21/09/23 14:19:00,A,PER,EXT_EU27_2020,T,TOTAL,RO,2019,75,
ESTAT:TPS00195(1.0),21/09/23 14:19:00,A,PER,EXT_EU27_2020,T,TOTAL,RO,2020,35,
ESTAT:TPS00195(1.0),21/09/23 14:19:00,A,PER,EXT_EU27_2020,T,TOTAL,RO,2021,75,
ESTAT:TPS00195(1.0),21/09/23 14:19:00,A,PER,EXT_EU27_2020,T,TOTAL,RO,2022,90,
ESTAT:TPS00195(1.0),21/09/23 14:19:00,A,PER,EXT_EU27_2020,T,TOTAL,SE,2008,1865,
ESTAT:TPS00195(1.0),21/09/23 14:19:00,A,PER,EXT_EU27_2020,T,TOTAL,SE,2009,1890,
ESTAT:TPS00195(1.0),21/09/23 14:19:00,A,PER,EXT_EU27_2020,T,TOTAL,SE,2010,1790,
ESTAT:TPS00195(1.0),21/09/23 14:19:00,A,PER,EXT_EU27_2020,T,TOTAL,SE,2011,1620,
ESTAT:TPS00195(1.0),21/09/23 14:19:00,A,PER,EXT_EU27_2020,T,TOTAL,SE,2012,1680,
ESTAT:TPS00195(1.0),21/09/23 14:19:00,A,PER,EXT_EU27_2020,T,TOTAL,SE,2013,1820,
ESTAT:TPS00195(1.0),21/09/23 14:19:00,A,PER,EXT_EU27_2020,T,TOTAL,SE,2014,2045,
ESTAT:TPS00195(1.0),21/09/23 14:19:00,A,PER,EXT_EU27_2020,T,TOTAL,SE,2015,1850,
ESTAT:TPS00195(1.0),21/09/23 14:19:00,A,PER,EXT_EU27_2020,T,TOTAL,SE,2016,2155,
ESTAT:TPS00195(1.0),21/09/23 14:19:00,A,PER,EXT_EU27_2020,T,TOTAL,SE,2017,3410,
ESTAT:TPS00195(1.0),21/09/23 14:19:00,A,PER,EXT_EU27_2020,T,TOTAL,SE,2018,4950,
ESTAT:TPS00195(1.0),21/09/23 14:19:00,A,PER,EXT_EU27_2020,T,TOTAL,SE,2019,5005,
ESTAT:TPS00195(1.0),21/09/23 14:19:00,A,PER,EXT_EU27_2020,T,TOTAL,SE,2020,3590,
ESTAT:TPS00195(1.0),21/09/23 14:19:00,A,PER,EXT_EU27_2020,T,TOTAL,SE,2021,6370,
ESTAT:TPS00195(1.0),21/09/23 14:19:00,A,PER,EXT_EU27_2020,T,TOTAL,SE,2022,5005,
ESTAT:TPS00195(1.0),21/09/23 14:19:00,A,PER,EXT_EU27_2020,T,TOTAL,SI,2008,0,
ESTAT:TPS00195(1.0),21/09/23 14:19:00,A,PER,EXT_EU27_2020,T,TOTAL,SI,2009,0,
ESTAT:TPS00195(1.0),21/09/23 14:19:00,A,PER,EXT_EU27_2020,T,TOTAL,SI,2010,0,
ESTAT:TPS00195(1.0),21/09/23 14:19:00,A,PER,EXT_EU27_2020,T,TOTAL,SI,2011,0,
ESTAT:TPS00195(1.0),21/09/23 14:19:00,A,PER,EXT_EU27_2020,T,TOTAL,SI,2012,0,
ESTAT:TPS00195(1.0),21/09/23 14:19:00,A,PER,EXT_EU27_2020,T,TOTAL,SI,2013,0,
ESTAT:TPS00195(1.0),21/09/23 14:19:00,A,PER,EXT_EU27_2020,T,TOTAL,SI,2014,0,
ESTAT:TPS00195(1.0),21/09/23 14:19:00,A,PER,EXT_EU27_2020,T,TOTAL,SI,2015,0,
ESTAT:TPS00195(1.0),21/09/23 14:19:00,A,PER,EXT_EU27_2020,T,TOTAL,SI,2016,0,
ESTAT:TPS00195(1.0),21/09/23 14:19:00,A,PER,EXT_EU27_2020,T,TOTAL,SI,2017,0,
ESTAT:TPS00195(1.0),21/09/23 14:19:00,A,PER,EXT_EU27_2020,T,TOTAL,SI,2018,35,
ESTAT:TPS00195(1.0),21/09/23 14:19:00,A,PER,EXT_EU27_2020,T,TOTAL,SI,2019,0,
ESTAT:TPS00195(1.0),21/09/23 14:19:00,A,PER,EXT_EU27_2020,T,TOTAL,SI,2020,0,
ESTAT:TPS00195(1.0),21/09/23 14:19:00,A,PER,EXT_EU27_2020,T,TOTAL,SI,2021,0,
ESTAT:TPS00195(1.0),21/09/23 14:19:00,A,PER,EXT_EU27_2020,T,TOTAL,SI,2022,0,
ESTAT:TPS00195(1.0),21/09/23 14:19:00,A,PER,EXT_EU27_2020,T,TOTAL,SK,2008,0,
ESTAT:TPS00195(1.0),21/09/23 14:19:00,A,PER,EXT_EU27_2020,T,TOTAL,SK,2009,0,
ESTAT:TPS00195(1.0),21/09/23 14:19:00,A,PER,EXT_EU27_2020,T,TOTAL,SK,2010,0,
ESTAT:TPS00195(1.0),21/09/23 14:19:00,A,PER,EXT_EU27_2020,T,TOTAL,SK,2011,0,
ESTAT:TPS00195(1.0),21/09/23 14:19:00,A,PER,EXT_EU27_2020,T,TOTAL,SK,2012,0,
ESTAT:TPS00195(1.0),21/09/23 14:19:00,A,PER,EXT_EU27_2020,T,TOTAL,SK,2013,0,
ESTAT:TPS00195(1.0),21/09/23 14:19:00,A,PER,EXT_EU27_2020,T,TOTAL,SK,2014,0,
ESTAT:TPS00195(1.0),21/09/23 14:19:00,A,PER,EXT_EU27_2020,T,TOTAL,SK,2015,0,
ESTAT:TPS00195(1.0),21/09/23 14:19:00,A,PER,EXT_EU27_2020,T,TOTAL,SK,2016,0,
ESTAT:TPS00195(1.0),21/09/23 14:19:00,A,PER,EXT_EU27_2020,T,TOTAL,SK,2017,0,
ESTAT:TPS00195(1.0),21/09/23 14:19:00,A,PER,EXT_EU27_2020,T,TOTAL,SK,2018,0,
ESTAT:TPS00195(1.0),21/09/23 14:19:00,A,PER,EXT_EU27_2020,T,TOTAL,SK,2019,0,
ESTAT:TPS00195(1.0),21/09/23 14:19:00,A,PER,EXT_EU27_2020,T,TOTAL,SK,2020,0,
ESTAT:TPS00195(1.0),21/09/23 14:19:00,A,PER,EXT_EU27_2020,T,TOTAL,SK,2021,0,
ESTAT:TPS00195(1.0),21/09/23 14:19:00,A,PER,EXT_EU27_2020,T,TOTAL,SK,2022,0,
ESTAT:TPS00195(1.0),21/09/23 14:19:00,A,PER,EXT_EU27_2020,T,TOTAL,UK,2008,640,
ESTAT:TPS00195(1.0),21/09/23 14:19:00,A,PER,EXT_EU27_2020,T,TOTAL,UK,2009,945,
ESTAT:TPS00195(1.0),21/09/23 14:19:00,A,PER,EXT_EU27_2020,T,TOTAL,UK,2010,720,
ESTAT:TPS00195(1.0),21/09/23 14:19:00,A,PER,EXT_EU27_2020,T,TOTAL,UK,2011,455,
ESTAT:TPS00195(1.0),21/09/23 14:19:00,A,PER,EXT_EU27_2020,T,TOTAL,UK,2012,1040,
ESTAT:TPS00195(1.0),21/09/23 14:19:00,A,PER,EXT_EU27_2020,T,TOTAL,UK,2013,965,
ESTAT:TPS00195(1.0),21/09/23 14:19:00,A,PER,EXT_EU27_2020,T,TOTAL,UK,2014,785,
ESTAT:TPS00195(1.0),21/09/23 14:19:00,A,PER,EXT_EU27_2020,T,TOTAL,UK,2015,1865,
ESTAT:TPS00195(1.0),21/09/23 14:19:00,A,PER,EXT_EU27_2020,T,TOTAL,UK,2016,5180,
ESTAT:TPS00195(1.0),21/09/23 14:19:00,A,PER,EXT_EU27_2020,T,TOTAL,UK,2017,6210,
ESTAT:TPS00195(1.0),21/09/23 14:19:00,A,PER,EXT_EU27_2020,T,TOTAL,UK,2018,5805,
ESTAT:TPS00195(1.0),21/09/23 14:19:00,A,PER,EXT_EU27_2020,T,TOTAL,UK,2019,5610,
